{
  "urls": [
    "C:\\ui-sounds\\landingSprite.mp3"
  ],
  "sprite": {
    "futuristicbasshit": [
      0,
      2750
    ],
    "drumbasshit": [
      4000,
      1529.6825396825398
    ],
    "shortbasshit": [
      7000,
      1100.498866213151
    ],
    "click": [
      10000,
      199.47845804988697
    ],
    "lightswitch": [
      12000,
      166.66666666666606
    ],
    "negativetoneui": [
      14000,
      1254.6712018140588
    ],
    "retrogamenotif": [
      17000,
      1466.666666666665
    ],
    "sweep": [
      20000,
      781.3832199546482
    ]
  }
}